/****** Object:  Table [dbo].[Users]    Script Date: 04/10/2012 07:14:01 ******/
SET IDENTITY_INSERT [dbo].[Users] ON
INSERT [dbo].[Users] ([UserId], [Username], [Password], [Role], [LastUpdatedByUserId], [LastUpdatedDate]) VALUES (1, N'demo', N'demodemo', 1, NULL, CAST(0x0000A01500B65FC4 AS DateTime))
INSERT [dbo].[Users] ([UserId], [Username], [Password], [Role], [LastUpdatedByUserId], [LastUpdatedDate]) VALUES (2, N'demomanager', N'demodemo', 2, NULL, CAST(0x0000A01F00F6CC83 AS DateTime))
INSERT [dbo].[Users] ([UserId], [Username], [Password], [Role], [LastUpdatedByUserId], [LastUpdatedDate]) VALUES (3, N'demouser', N'demodemo', 3, NULL, CAST(0x0000A01F00F75012 AS DateTime))
INSERT [dbo].[Users] ([UserId], [Username], [Password], [Role], [LastUpdatedByUserId], [LastUpdatedDate]) VALUES (4, N'mdingalla', N'passwordon', 3, NULL, CAST(0x0000A019004D130B AS DateTime))
SET IDENTITY_INSERT [dbo].[Users] OFF
/****** Object:  Table [dbo].[Positions]    Script Date: 04/10/2012 07:14:01 ******/
SET IDENTITY_INSERT [dbo].[Positions] ON
INSERT [dbo].[Positions] ([PositionId], [Name], [LastUpdatedByUserId], [LastUpdatedDate]) VALUES (1, N'Hiring Manager', NULL, CAST(0x0000A01500B4492F AS DateTime))
SET IDENTITY_INSERT [dbo].[Positions] OFF
/****** Object:  Table [dbo].[AppraisalHeaders]    Script Date: 04/10/2012 07:14:01 ******/
SET IDENTITY_INSERT [dbo].[AppraisalHeaders] ON
INSERT [dbo].[AppraisalHeaders] ([AppraisalHeaderId], [Name], [IsActive], [Rank], [LastUpdatedByUserId], [LastUpdatedDate]) VALUES (1, N'1. Work Competency', 1, NULL, 1, CAST(0x0000A02E00C09E1F AS DateTime))
INSERT [dbo].[AppraisalHeaders] ([AppraisalHeaderId], [Name], [IsActive], [Rank], [LastUpdatedByUserId], [LastUpdatedDate]) VALUES (2, N'2. Service Focus', 1, NULL, NULL, CAST(0x0000A01500C8198E AS DateTime))
INSERT [dbo].[AppraisalHeaders] ([AppraisalHeaderId], [Name], [IsActive], [Rank], [LastUpdatedByUserId], [LastUpdatedDate]) VALUES (3, N'3. Leadership and Teamwork', 1, NULL, NULL, CAST(0x0000A027008F56C6 AS DateTime))
INSERT [dbo].[AppraisalHeaders] ([AppraisalHeaderId], [Name], [IsActive], [Rank], [LastUpdatedByUserId], [LastUpdatedDate]) VALUES (4, N'4. Dependability', 1, NULL, NULL, CAST(0x0000A027008F6EE2 AS DateTime))
INSERT [dbo].[AppraisalHeaders] ([AppraisalHeaderId], [Name], [IsActive], [Rank], [LastUpdatedByUserId], [LastUpdatedDate]) VALUES (5, N'5. Communication and Adaptability', 1, NULL, NULL, CAST(0x0000A027008F7EC6 AS DateTime))
INSERT [dbo].[AppraisalHeaders] ([AppraisalHeaderId], [Name], [IsActive], [Rank], [LastUpdatedByUserId], [LastUpdatedDate]) VALUES (6, N'Overall Rating (REQUIRED)', 1, NULL, NULL, CAST(0x0000A027008F8BFD AS DateTime))
INSERT [dbo].[AppraisalHeaders] ([AppraisalHeaderId], [Name], [IsActive], [Rank], [LastUpdatedByUserId], [LastUpdatedDate]) VALUES (7, NULL, 0, NULL, NULL, CAST(0x0000A027008FAD51 AS DateTime))
SET IDENTITY_INSERT [dbo].[AppraisalHeaders] OFF
/****** Object:  Table [dbo].[Departments]    Script Date: 04/10/2012 07:14:01 ******/
SET IDENTITY_INSERT [dbo].[Departments] ON
INSERT [dbo].[Departments] ([DepartmentId], [Name], [LastUpdatedByUserId], [LastUpdatedDate]) VALUES (1, N'Accounting', NULL, CAST(0x0000A01500B4531D AS DateTime))
INSERT [dbo].[Departments] ([DepartmentId], [Name], [LastUpdatedByUserId], [LastUpdatedDate]) VALUES (2, N'Human Resource', NULL, CAST(0x0000A01500B4590A AS DateTime))
SET IDENTITY_INSERT [dbo].[Departments] OFF
/****** Object:  Table [dbo].[AppraisalItems]    Script Date: 04/10/2012 07:14:01 ******/
SET IDENTITY_INSERT [dbo].[AppraisalItems] ON
INSERT [dbo].[AppraisalItems] ([AppraisalItemId], [Description], [AppraisalHeaderId], [Rank], [IsActive], [LastUpdatedByUserId], [LastUpdatedDate]) VALUES (1, N'a) Job knowledge - demonstrates comprehension of skills, processes and procedures necessary to perform job', 1, NULL, 1, 1, CAST(0x0000A02A007F6D5D AS DateTime))
INSERT [dbo].[AppraisalItems] ([AppraisalItemId], [Description], [AppraisalHeaderId], [Rank], [IsActive], [LastUpdatedByUserId], [LastUpdatedDate]) VALUES (2, N'a) Actively attends to needs of customers (both external and internal customers)', 2, NULL, 1, NULL, CAST(0x0000A01500C83678 AS DateTime))
INSERT [dbo].[AppraisalItems] ([AppraisalItemId], [Description], [AppraisalHeaderId], [Rank], [IsActive], [LastUpdatedByUserId], [LastUpdatedDate]) VALUES (3, N'b) Quality of work - work is complete, accurate and acceptable', 1, NULL, 1, NULL, CAST(0x0000A027008E9434 AS DateTime))
INSERT [dbo].[AppraisalItems] ([AppraisalItemId], [Description], [AppraisalHeaderId], [Rank], [IsActive], [LastUpdatedByUserId], [LastUpdatedDate]) VALUES (4, N'  c) Quantity of work - efficient worker, completes assigned tasks within established time frames', 1, NULL, 1, NULL, CAST(0x0000A027008EC840 AS DateTime))
INSERT [dbo].[AppraisalItems] ([AppraisalItemId], [Description], [AppraisalHeaderId], [Rank], [IsActive], [LastUpdatedByUserId], [LastUpdatedDate]) VALUES (5, N'Overall – Work competency', 1, NULL, 1, 1, CAST(0x0000A02E00C0933F AS DateTime))
INSERT [dbo].[AppraisalItems] ([AppraisalItemId], [Description], [AppraisalHeaderId], [Rank], [IsActive], [LastUpdatedByUserId], [LastUpdatedDate]) VALUES (6, N'b) Takes appropriate and prompt actions to meet needs of customers', 2, NULL, 1, NULL, CAST(0x0000A027008F1415 AS DateTime))
INSERT [dbo].[AppraisalItems] ([AppraisalItemId], [Description], [AppraisalHeaderId], [Rank], [IsActive], [LastUpdatedByUserId], [LastUpdatedDate]) VALUES (7, N'c) Gathers feedback from customers for improvement', 2, NULL, 1, NULL, CAST(0x0000A027008F2A7A AS DateTime))
INSERT [dbo].[AppraisalItems] ([AppraisalItemId], [Description], [AppraisalHeaderId], [Rank], [IsActive], [LastUpdatedByUserId], [LastUpdatedDate]) VALUES (8, N'Overall – Service Focus', 2, NULL, 1, NULL, CAST(0x0000A027008F3FCB AS DateTime))
INSERT [dbo].[AppraisalItems] ([AppraisalItemId], [Description], [AppraisalHeaderId], [Rank], [IsActive], [LastUpdatedByUserId], [LastUpdatedDate]) VALUES (9, N'a) Demonstrates influence and generates initiatives to steer the team towards a common goal', 3, NULL, 1, NULL, CAST(0x0000A02700900C16 AS DateTime))
INSERT [dbo].[AppraisalItems] ([AppraisalItemId], [Description], [AppraisalHeaderId], [Rank], [IsActive], [LastUpdatedByUserId], [LastUpdatedDate]) VALUES (10, N'b) Works well with team members, providing assistance and cooperation', 3, NULL, 1, NULL, CAST(0x0000A02700902708 AS DateTime))
INSERT [dbo].[AppraisalItems] ([AppraisalItemId], [Description], [AppraisalHeaderId], [Rank], [IsActive], [LastUpdatedByUserId], [LastUpdatedDate]) VALUES (11, N'c) Decision making - resolves problems independently, gathers all facts and considerations before deciding', 3, NULL, 1, NULL, CAST(0x0000A02700904683 AS DateTime))
INSERT [dbo].[AppraisalItems] ([AppraisalItemId], [Description], [AppraisalHeaderId], [Rank], [IsActive], [LastUpdatedByUserId], [LastUpdatedDate]) VALUES (12, N'd) Problem solving - recommends solution when bringing problems to supervisor', 3, NULL, 1, NULL, CAST(0x0000A02700916499 AS DateTime))
INSERT [dbo].[AppraisalItems] ([AppraisalItemId], [Description], [AppraisalHeaderId], [Rank], [IsActive], [LastUpdatedByUserId], [LastUpdatedDate]) VALUES (13, N'Overall – Leadership and Teamwork', 3, NULL, 1, NULL, CAST(0x0000A02700918C23 AS DateTime))
INSERT [dbo].[AppraisalItems] ([AppraisalItemId], [Description], [AppraisalHeaderId], [Rank], [IsActive], [LastUpdatedByUserId], [LastUpdatedDate]) VALUES (14, N'a) Good attendance, punctuality record', 4, NULL, 1, NULL, CAST(0x0000A0270091C80C AS DateTime))
INSERT [dbo].[AppraisalItems] ([AppraisalItemId], [Description], [AppraisalHeaderId], [Rank], [IsActive], [LastUpdatedByUserId], [LastUpdatedDate]) VALUES (15, N'b) Is reliable and has integrity', 4, NULL, 1, NULL, CAST(0x0000A0270091DE5E AS DateTime))
INSERT [dbo].[AppraisalItems] ([AppraisalItemId], [Description], [AppraisalHeaderId], [Rank], [IsActive], [LastUpdatedByUserId], [LastUpdatedDate]) VALUES (16, N'c) Follows through in assignments as scheduled and meets deadlines', 4, NULL, 1, NULL, CAST(0x0000A0270091EFBC AS DateTime))
INSERT [dbo].[AppraisalItems] ([AppraisalItemId], [Description], [AppraisalHeaderId], [Rank], [IsActive], [LastUpdatedByUserId], [LastUpdatedDate]) VALUES (17, N'd) Takes ownership in work without requiring close supervision', 4, NULL, 1, NULL, CAST(0x0000A02700920566 AS DateTime))
INSERT [dbo].[AppraisalItems] ([AppraisalItemId], [Description], [AppraisalHeaderId], [Rank], [IsActive], [LastUpdatedByUserId], [LastUpdatedDate]) VALUES (18, N'Overall – Dependability', 4, NULL, 1, NULL, CAST(0x0000A0270092166F AS DateTime))
INSERT [dbo].[AppraisalItems] ([AppraisalItemId], [Description], [AppraisalHeaderId], [Rank], [IsActive], [LastUpdatedByUserId], [LastUpdatedDate]) VALUES (19, N'a) Expresses ideas clearly with all levels of organization', 5, NULL, 1, NULL, CAST(0x0000A02700922F5A AS DateTime))
INSERT [dbo].[AppraisalItems] ([AppraisalItemId], [Description], [AppraisalHeaderId], [Rank], [IsActive], [LastUpdatedByUserId], [LastUpdatedDate]) VALUES (20, N'b) Is able to think out of the box and demonstrate ability to learn new approaches and ways of doing things', 5, NULL, 1, NULL, CAST(0x0000A02700923F50 AS DateTime))
INSERT [dbo].[AppraisalItems] ([AppraisalItemId], [Description], [AppraisalHeaderId], [Rank], [IsActive], [LastUpdatedByUserId], [LastUpdatedDate]) VALUES (21, N'c) Consistently seeks self improvement, upgrades in skills and competencies', 5, NULL, 1, NULL, CAST(0x0000A02700924E8F AS DateTime))
INSERT [dbo].[AppraisalItems] ([AppraisalItemId], [Description], [AppraisalHeaderId], [Rank], [IsActive], [LastUpdatedByUserId], [LastUpdatedDate]) VALUES (22, N'Overall – Communication and Adaptability', 5, NULL, 1, NULL, CAST(0x0000A0270092618E AS DateTime))
INSERT [dbo].[AppraisalItems] ([AppraisalItemId], [Description], [AppraisalHeaderId], [Rank], [IsActive], [LastUpdatedByUserId], [LastUpdatedDate]) VALUES (23, N'  sample only', 5, NULL, 1, NULL, CAST(0x0000A02800783171 AS DateTime))
INSERT [dbo].[AppraisalItems] ([AppraisalItemId], [Description], [AppraisalHeaderId], [Rank], [IsActive], [LastUpdatedByUserId], [LastUpdatedDate]) VALUES (24, N'test', 2, NULL, 1, NULL, CAST(0x0000A028007915CA AS DateTime))
SET IDENTITY_INSERT [dbo].[AppraisalItems] OFF
/****** Object:  Table [dbo].[Employees]    Script Date: 04/10/2012 07:14:01 ******/
SET IDENTITY_INSERT [dbo].[Employees] ON
INSERT [dbo].[Employees] ([EmployeeId], [UserId], [EmployeeNo], [EmployeeName], [PositionId], [DepartmentId], [DateJoined], [DateResigned], [DateConfirmed], [EmailAddress], [Remarks], [ImmediateSupervisorId], [BusinessUnitHeadId], [BasicSalary], [Grade], [IsActive], [LastUpdatedByUserId], [LastUpdatedDate]) VALUES (1, 1, N'000', N'Demo Demo', 1, 2, CAST(0x0000A01500000000 AS DateTime), NULL, NULL, N'demo@demo.com', N'demo account only', NULL, NULL, CAST(200.00 AS Decimal(18, 2)), NULL, 1, NULL, CAST(0x0000A01500B6701D AS DateTime))
INSERT [dbo].[Employees] ([EmployeeId], [UserId], [EmployeeNo], [EmployeeName], [PositionId], [DepartmentId], [DateJoined], [DateResigned], [DateConfirmed], [EmailAddress], [Remarks], [ImmediateSupervisorId], [BusinessUnitHeadId], [BasicSalary], [Grade], [IsActive], [LastUpdatedByUserId], [LastUpdatedDate]) VALUES (2, 2, N'222', N'Manager Demo', 1, 1, CAST(0x0000A00300000000 AS DateTime), NULL, NULL, N'demo@demo.com', NULL, 1, 1, CAST(0.00 AS Decimal(18, 2)), N'A', 1, NULL, CAST(0x0000A01F00F6CC83 AS DateTime))
INSERT [dbo].[Employees] ([EmployeeId], [UserId], [EmployeeNo], [EmployeeName], [PositionId], [DepartmentId], [DateJoined], [DateResigned], [DateConfirmed], [EmailAddress], [Remarks], [ImmediateSupervisorId], [BusinessUnitHeadId], [BasicSalary], [Grade], [IsActive], [LastUpdatedByUserId], [LastUpdatedDate]) VALUES (3, 3, N'333', N'User Demo', 1, 2, CAST(0x00009E5A00000000 AS DateTime), NULL, NULL, N'demo@demo.com', NULL, 1, 1, CAST(0.00 AS Decimal(18, 2)), N'A', 1, NULL, CAST(0x0000A01F00F75012 AS DateTime))
INSERT [dbo].[Employees] ([EmployeeId], [UserId], [EmployeeNo], [EmployeeName], [PositionId], [DepartmentId], [DateJoined], [DateResigned], [DateConfirmed], [EmailAddress], [Remarks], [ImmediateSupervisorId], [BusinessUnitHeadId], [BasicSalary], [Grade], [IsActive], [LastUpdatedByUserId], [LastUpdatedDate]) VALUES (4, 4, N'123', N'Mark Dave Ingalla', 1, 1, CAST(0x00009EAB00000000 AS DateTime), NULL, NULL, N'mdingalla@gmail.com', NULL, 2, 1, CAST(0.00 AS Decimal(18, 2)), NULL, 1, 1, CAST(0x0000A02E0081B0CD AS DateTime))
SET IDENTITY_INSERT [dbo].[Employees] OFF
/****** Object:  Table [dbo].[EmployeeBonusPoints]    Script Date: 04/10/2012 07:14:01 ******/
/****** Object:  Table [dbo].[EmployeeBonusPointRequests]    Script Date: 04/10/2012 07:14:01 ******/
/****** Object:  Table [dbo].[EmployeeAppraisals]    Script Date: 04/10/2012 07:14:01 ******/
/****** Object:  Table [dbo].[EmployeeAppraisalHeaders]    Script Date: 04/10/2012 07:14:01 ******/
/****** Object:  Table [dbo].[EmployeeAppraisalItems]    Script Date: 04/10/2012 07:14:01 ******/
